PassengerID,TripOrigin,TripDestination,Aver_TripMode,trips,Months_Passed,promo1,TwoMonthMode,LastMonthMode,ModeChange,LastTripStart,LastTripEnd,LastTripFare,LastMinShift,done,HomeLoc,WorkLoc,AvgNumDayWithTravelPerWeek,AvgNumTripsPeyDay,PercentageOfWeekdayTravel,NumUniqueStation,NumLocCoverPercentile,WorkStartTime,AvgTripTravelTime,FirstWeekdayMorningTapInTimeStd,LastWeekdayEveningTapOutTimeStd,NumOfMorningTransfer,MeanMorningPeakMoneySave,StdMorningPeakMoneySave,MeanTimeShift,StdTimeShift,MeanMorningPeakTripTravelTime,StdMorningPeakTripTravelTime,AvgNumMorningTripsTapOutAtTargetStationsPerWeek,AvgNumDayWithMorningTripPerWeek,StationRiMean,StationRiStd,MostUsedStationPercentage,OdRiMean,OdRiStd,MostUsedOdPercentage,OdCount,UniqueStaNumMean,UniqueStaNumStd,HomeTripsPerDayMean,HomeTripsPerDayStd,HomeLocAdmRegion,WorkLocAdmRegion,HomeLocIsDiscSta,WorkLocIsDiscSta,is_adopter,is_early_adopter,is_later_adopter,is_early_morning_adopter,is_morning_peak_adopter,is_attrition_adopter,OffPeakTrips,OffPeakRatio,MonthMode,ce_flex,con_flex,ce_dis,con_dis,ce_con,con_con
train_001,38,17,0.75,20,-1,0,0,0.736842105,0,32.26315789,57.68421053,7.7,0.684210526,FALSE,38,17,5.375,3,0.80141844,13,2,493.45,24.12680412,3.910310162,13.62006216,0,1.925,2.52E-15,0.699712644,1.308040405,25.41282052,1.256290962,6.75,4.625,0.076923077,0.163315644,0.475177305,0.047619048,0.111391559,0.402061856,21,2.127659574,0.337318149,1,0,Kowloon,Kowloon,0,1,0,0,0,0,0,0,15,0.282184313,1,0.008,1,0.008,3,0.009,1
train_001,38,17,0.833333333,18,0,1,0.736842105,0.75,0.013157895,31.65,56.65,7.7,0.3,FALSE,38,17,5.375,3,0.80141844,13,2,493.45,24.12680412,3.910310162,13.62006216,0,1.925,2.52E-15,0.699712644,1.308040405,25.41282052,1.256290962,6.75,4.625,0.076923077,0.163315644,0.475177305,0.047619048,0.111391559,0.402061856,21,2.127659574,0.337318149,1,0,Kowloon,Kowloon,0,1,0,0,0,0,0,0,15,0.301498247,1,0.008,1,0.008,3,0.009,1
train_001,38,17,0.875,16,1,1,0.75,0.833333333,0.083333333,30.05555556,55.55555556,5.7,0,FALSE,38,17,5.375,3,0.80141844,13,2,493.45,24.12680412,3.910310162,13.62006216,0,1.925,2.52E-15,0.699712644,1.308040405,25.41282052,1.256290962,6.75,4.625,0.076923077,0.163315644,0.475177305,0.047619048,0.111391559,0.402061856,21,2.127659574,0.337318149,1,0,Kowloon,Kowloon,0,1,0,0,0,0,0,0,14,0.305886113,1,0.008,1,0.008,3,0.009,1
train_001,38,17,0.777777778,18,2,1,0.833333333,0.875,0.041666667,32.5625,57.75,5.7,0.3125,FALSE,38,17,5.375,3,0.80141844,13,2,493.45,24.12680412,3.910310162,13.62006216,0,1.925,2.52E-15,0.699712644,1.308040405,25.41282052,1.256290962,6.75,4.625,0.076923077,0.163315644,0.475177305,0.047619048,0.111391559,0.402061856,21,2.127659574,0.337318149,1,0,Kowloon,Kowloon,0,1,0,0,0,0,0,0,14,0.29767329,1,0.008,1,0.008,3,0.009,1
train_001,38,17,0.6875,16,3,1,0.875,0.777777778,-0.097222222,31.83333333,57.72222222,5.7,0.222222222,FALSE,38,17,5.375,3,0.80141844,13,2,493.45,24.12680412,3.910310162,13.62006216,0,1.925,2.52E-15,0.699712644,1.308040405,25.41282052,1.256290962,6.75,4.625,0.076923077,0.163315644,0.475177305,0.047619048,0.111391559,0.402061856,21,2.127659574,0.337318149,1,0,Kowloon,Kowloon,0,1,0,0,0,0,0,0,11,0.289250102,1,0.008,1,0.008,3,0.009,1
train_001,38,17,0.470588235,17,4,1,0.777777778,0.6875,-0.090277778,33.375,59.25,5.825,1.875,FALSE,38,17,5.375,3,0.80141844,13,2,493.45,24.12680412,3.910310162,13.62006216,0,1.925,2.52E-15,0.699712644,1.308040405,25.41282052,1.256290962,6.75,4.625,0.076923077,0.163315644,0.475177305,0.047619048,0.111391559,0.402061856,21,2.127659574,0.337318149,1,0,Kowloon,Kowloon,0,1,0,0,0,0,0,0,7,0.284456533,0,0.008,1,0.008,3,0.009,1
train_001,38,18,0.5,16,5,1,0.6875,0.470588235,-0.216911765,33.70588235,59.47058824,5.817647059,1.352941176,FALSE,38,17,5.375,3,0.80141844,13,2,493.45,24.12680412,3.910310162,13.62006216,0,1.925,2.52E-15,0.699712644,1.308040405,25.41282052,1.256290962,6.75,4.625,0.076923077,0.163315644,0.475177305,0.047619048,0.111391559,0.402061856,21,2.127659574,0.337318149,1,0,Kowloon,Kowloon,0,1,0,0,0,0,0,0,8,0.28434532,0,0.008,1,0.008,3,0.009,1
train_001,38,17,0.714285714,21,6,1,0.470588235,0.5,0.029411765,38.375,63.1875,6.375,5.0625,FALSE,38,17,5.375,3,0.80141844,13,2,493.45,24.12680412,3.910310162,13.62006216,0,1.925,2.52E-15,0.699712644,1.308040405,25.41282052,1.256290962,6.75,4.625,0.076923077,0.163315644,0.475177305,0.047619048,0.111391559,0.402061856,21,2.127659574,0.337318149,1,0,Kowloon,Kowloon,0,1,0,0,0,0,0,0,15,0.287069984,1,0.008,1,0.008,3,0.009,1
train_001,38,17,0.578947368,19,7,1,0.5,0.714285714,0.214285714,31.66666667,57.42857143,5.795238095,0.380952381,FALSE,38,17,5.375,3,0.80141844,13,2,493.45,24.12680412,3.910310162,13.62006216,0,1.925,2.52E-15,0.699712644,1.308040405,25.41282052,1.256290962,6.75,4.625,0.076923077,0.163315644,0.475177305,0.047619048,0.111391559,0.402061856,21,2.127659574,0.337318149,1,0,Kowloon,Kowloon,0,1,0,0,0,0,0,0,11,0.300241221,1,0.008,1,0.008,3,0.009,1
train_001,38,17,0.5,10,8,1,0.714285714,0.578947368,-0.135338346,32.89473684,58.21052632,5.7,0.210526316,FALSE,38,17,5.375,3,0.80141844,13,2,493.45,24.12680412,3.910310162,13.62006216,0,1.925,2.52E-15,0.699712644,1.308040405,25.41282052,1.256290962,6.75,4.625,0.076923077,0.163315644,0.475177305,0.047619048,0.111391559,0.402061856,21,2.127659574,0.337318149,1,0,Kowloon,Kowloon,0,1,0,0,0,0,0,0,5,0.302040622,0,0.008,1,0.008,3,0.009,1
train_001,38,17,0.904761905,21,9,1,0.578947368,0.5,-0.078947368,34,59.3,5.9,1.5,FALSE,38,17,5.375,3,0.80141844,13,2,493.45,24.12680412,3.910310162,13.62006216,0,1.925,2.52E-15,0.699712644,1.308040405,25.41282052,1.256290962,6.75,4.625,0.076923077,0.163315644,0.475177305,0.047619048,0.111391559,0.402061856,21,2.127659574,0.337318149,1,0,Kowloon,Kowloon,0,1,0,0,0,0,0,0,19,0.303603223,1,0.008,1,0.008,3,0.009,1
train_001,38,17,0.952380952,21,10,1,0.5,0.904761905,0.404761905,29.57142857,54.9047619,5.8,0.142857143,FALSE,38,17,5.375,3,0.80141844,13,2,493.45,24.12680412,3.910310162,13.62006216,0,1.925,2.52E-15,0.699712644,1.308040405,25.41282052,1.256290962,6.75,4.625,0.076923077,0.163315644,0.475177305,0.047619048,0.111391559,0.402061856,21,2.127659574,0.337318149,1,0,Kowloon,Kowloon,0,1,0,0,0,0,0,0,20,0.300105445,1,0.008,1,0.008,3,0.009,1
train_001,38,17,0.9,20,11,1,0.904761905,0.952380952,0.047619048,30.66666667,55.76190476,6,0,FALSE,38,17,5.375,3,0.80141844,13,2,493.45,24.12680412,3.910310162,13.62006216,0,1.925,2.52E-15,0.699712644,1.308040405,25.41282052,1.256290962,6.75,4.625,0.076923077,0.163315644,0.475177305,0.047619048,0.111391559,0.402061856,21,2.127659574,0.337318149,1,0,Kowloon,Kowloon,0,1,0,0,0,0,0,0,18,0.297334428,1,0.008,1,0.008,3,0.009,1
train_001,38,17,0.777777778,18,12,1,0.952380952,0.9,-0.052380952,30,55.75,6,0.3,FALSE,38,17,5.375,3,0.80141844,13,2,493.45,24.12680412,3.910310162,13.62006216,0,1.925,2.52E-15,0.699712644,1.308040405,25.41282052,1.256290962,6.75,4.625,0.076923077,0.163315644,0.475177305,0.047619048,0.111391559,0.402061856,21,2.127659574,0.337318149,1,0,Kowloon,Kowloon,0,1,0,0,0,0,0,0,14,0.304746363,1,0.008,1,0.008,3,0.009,1
train_001,38,17,0.764705882,17,13,1,0.9,0.777777778,-0.122222222,32.22222222,57.77777778,6,0.277777778,TRUE,38,17,5.375,3,0.80141844,13,2,493.45,24.12680412,3.910310162,13.62006216,0,1.925,2.52E-15,0.699712644,1.308040405,25.41282052,1.256290962,6.75,4.625,0.076923077,0.163315644,0.475177305,0.047619048,0.111391559,0.402061856,21,2.127659574,0.337318149,1,0,Kowloon,Kowloon,0,1,0,0,0,0,0,0,13,0.303871921,1,0.008,1,0.008,3,0.009,1
train_002,22,17,0,16,-1,0,0,0,0,94.55,108.15,6.2,48.15,FALSE,10,6,5.25,2.911111111,0.801526718,12,2,542.8333333,17.3186747,12.16522398,13.71250388,0,2.115384615,1.984152804,47.86805555,3.010854957,16.11581197,9.285561442,6.25,4.125,0.083333333,0.162078634,0.446564885,0.066666667,0.133144147,0.43373494,15,2.4,0.836660027,0.888888889,0.317820863,Kowloon,Kowloon,0,1,0,0,0,0,0,0,0,0.282184313,0,0.002,2,0.015,1,0.009,3
train_002,23,17,0,20,0,1,0,0,0,85.75,105.9375,11.7125,45.9375,FALSE,10,6,5.25,2.911111111,0.801526718,12,2,542.8333333,17.3186747,12.16522398,13.71250388,0,2.115384615,1.984152804,47.86805555,3.010854957,16.11581197,9.285561442,6.25,4.125,0.083333333,0.162078634,0.446564885,0.066666667,0.133144147,0.43373494,15,2.4,0.836660027,0.888888889,0.317820863,Kowloon,Kowloon,0,1,0,0,0,0,0,0,0,0.301498247,0,0.002,2,0.015,1,0.009,3
train_002,22,17,0,21,1,1,0,0,0,81,103.05,12.08,43.05,FALSE,10,6,5.25,2.911111111,0.801526718,12,2,542.8333333,17.3186747,12.16522398,13.71250388,0,2.115384615,1.984152804,47.86805555,3.010854957,16.11581197,9.285561442,6.25,4.125,0.083333333,0.162078634,0.446564885,0.066666667,0.133144147,0.43373494,15,2.4,0.836660027,0.888888889,0.317820863,Kowloon,Kowloon,0,1,0,0,0,0,0,0,0,0.305886113,0,0.002,2,0.015,1,0.009,3
train_002,23,17,0,20,2,1,0,0,0,82.71428571,105.0952381,11.8,45.0952381,FALSE,10,6,5.25,2.911111111,0.801526718,12,2,542.8333333,17.3186747,12.16522398,13.71250388,0,2.115384615,1.984152804,47.86805555,3.010854957,16.11581197,9.285561442,6.25,4.125,0.083333333,0.162078634,0.446564885,0.066666667,0.133144147,0.43373494,15,2.4,0.836660027,0.888888889,0.317820863,Kowloon,Kowloon,0,1,0,0,0,0,0,0,0,0.29767329,0,0.002,2,0.015,1,0.009,3
train_002,22,17,0,21,3,1,0,0,0,85.5,107.9,12.08,47.9,FALSE,10,6,5.25,2.911111111,0.801526718,12,2,542.8333333,17.3186747,12.16522398,13.71250388,0,2.115384615,1.984152804,47.86805555,3.010854957,16.11581197,9.285561442,6.25,4.125,0.083333333,0.162078634,0.446564885,0.066666667,0.133144147,0.43373494,15,2.4,0.836660027,0.888888889,0.317820863,Kowloon,Kowloon,0,1,0,0,0,0,0,0,0,0.289250102,0,0.002,2,0.015,1,0.009,3
train_002,25,19,0,17,4,1,0,0,0,84.38095238,106.7142857,11.8,46.71428571,FALSE,10,6,5.25,2.911111111,0.801526718,12,2,542.8333333,17.3186747,12.16522398,13.71250388,0,2.115384615,1.984152804,47.86805555,3.010854957,16.11581197,9.285561442,6.25,4.125,0.083333333,0.162078634,0.446564885,0.066666667,0.133144147,0.43373494,15,2.4,0.836660027,0.888888889,0.317820863,Kowloon,Kowloon,0,1,0,0,0,0,0,0,0,0.284456533,0,0.002,2,0.015,1,0.009,3
train_002,25,19,0,17,5,1,0,0,0,80.70588235,104.7647059,13.11764706,44.76470588,FALSE,10,6,5.25,2.911111111,0.801526718,12,2,542.8333333,17.3186747,12.16522398,13.71250388,0,2.115384615,1.984152804,47.86805555,3.010854957,16.11581197,9.285561442,6.25,4.125,0.083333333,0.162078634,0.446564885,0.066666667,0.133144147,0.43373494,15,2.4,0.836660027,0.888888889,0.317820863,Kowloon,Kowloon,0,1,0,0,0,0,0,0,0,0.28434532,0,0.002,2,0.015,1,0.009,3
train_002,23,17,0,20,6,1,0,0,0,82.47058824,104.8235294,13.11764706,44.82352941,FALSE,10,6,5.25,2.911111111,0.801526718,12,2,542.8333333,17.3186747,12.16522398,13.71250388,0,2.115384615,1.984152804,47.86805555,3.010854957,16.11581197,9.285561442,6.25,4.125,0.083333333,0.162078634,0.446564885,0.066666667,0.133144147,0.43373494,15,2.4,0.836660027,0.888888889,0.317820863,Kowloon,Kowloon,0,1,0,0,0,0,0,0,0,0.287069984,0,0.002,2,0.015,1,0.009,3
train_002,10,6,0,5,7,1,0,0,0,82.95,105,12.08,45,FALSE,10,6,5.25,2.911111111,0.801526718,12,2,542.8333333,17.3186747,12.16522398,13.71250388,0,2.115384615,1.984152804,47.86805555,3.010854957,16.11581197,9.285561442,6.25,4.125,0.083333333,0.162078634,0.446564885,0.066666667,0.133144147,0.43373494,15,2.4,0.836660027,0.888888889,0.317820863,Kowloon,Kowloon,0,1,0,0,0,0,0,0,0,0.300241221,0,0.002,2,0.015,1,0.009,3
train_002,10,5,0,7,8,1,0,0,0,97.8,110.2,6.2,50.2,FALSE,10,6,5.25,2.911111111,0.801526718,12,2,542.8333333,17.3186747,12.16522398,13.71250388,0,2.115384615,1.984152804,47.86805555,3.010854957,16.11581197,9.285561442,6.25,4.125,0.083333333,0.162078634,0.446564885,0.066666667,0.133144147,0.43373494,15,2.4,0.836660027,0.888888889,0.317820863,Kowloon,Kowloon,0,1,0,0,0,0,0,0,0,0.302040622,0,0.002,2,0.015,1,0.009,3
train_002,10,6,0,22,9,1,0,0,0,94.71428571,108,6.2,48,FALSE,10,6,5.25,2.911111111,0.801526718,12,2,542.8333333,17.3186747,12.16522398,13.71250388,0,2.115384615,1.984152804,47.86805555,3.010854957,16.11581197,9.285561442,6.25,4.125,0.083333333,0.162078634,0.446564885,0.066666667,0.133144147,0.43373494,15,2.4,0.836660027,0.888888889,0.317820863,Kowloon,Kowloon,0,1,0,0,0,0,0,0,0,0.303603223,0,0.002,2,0.015,1,0.009,3
train_002,10,6,0,22,10,1,0,0,0,96.63636364,109.9545455,6.295454545,49.95454545,FALSE,10,6,5.25,2.911111111,0.801526718,12,2,542.8333333,17.3186747,12.16522398,13.71250388,0,2.115384615,1.984152804,47.86805555,3.010854957,16.11581197,9.285561442,6.25,4.125,0.083333333,0.162078634,0.446564885,0.066666667,0.133144147,0.43373494,15,2.4,0.836660027,0.888888889,0.317820863,Kowloon,Kowloon,0,1,0,0,0,0,0,0,0,0.300105445,0,0.002,2,0.015,1,0.009,3
train_002,10,6,0,21,11,1,0,0,0,96.45454545,110.0909091,6.5,50.09090909,FALSE,10,6,5.25,2.911111111,0.801526718,12,2,542.8333333,17.3186747,12.16522398,13.71250388,0,2.115384615,1.984152804,47.86805555,3.010854957,16.11581197,9.285561442,6.25,4.125,0.083333333,0.162078634,0.446564885,0.066666667,0.133144147,0.43373494,15,2.4,0.836660027,0.888888889,0.317820863,Kowloon,Kowloon,0,1,0,0,0,0,0,0,0,0.297334428,0,0.002,2,0.015,1,0.009,3
train_002,10,6,0,20,12,1,0,0,0,97.47619048,110.7142857,6.5,50.71428571,FALSE,10,6,5.25,2.911111111,0.801526718,12,2,542.8333333,17.3186747,12.16522398,13.71250388,0,2.115384615,1.984152804,47.86805555,3.010854957,16.11581197,9.285561442,6.25,4.125,0.083333333,0.162078634,0.446564885,0.066666667,0.133144147,0.43373494,15,2.4,0.836660027,0.888888889,0.317820863,Kowloon,Kowloon,0,1,0,0,0,0,0,0,0,0.304746363,0,0.002,2,0.015,1,0.009,3
train_002,13,8,0,20,13,1,0,0,0,96.45,110,6.5,50,TRUE,10,6,5.25,2.911111111,0.801526718,12,2,542.8333333,17.3186747,12.16522398,13.71250388,0,2.115384615,1.984152804,47.86805555,3.010854957,16.11581197,9.285561442,6.25,4.125,0.083333333,0.162078634,0.446564885,0.066666667,0.133144147,0.43373494,15,2.4,0.836660027,0.888888889,0.317820863,Kowloon,Kowloon,0,1,0,0,0,0,0,0,0,0.303871921,0,0.002,2,0.015,1,0.009,3
train_003,10,23,0.933333333,15,-1,0,0,1,0,27.80952381,53.71428571,13.2,0,FALSE,10,27,5.375,3.085106383,0.820689655,14,2,489.6166667,23.00232975,64.2125183,75.92995323,0,3.223611111,0.319427191,0.346491228,2.615951405,25.6837963,2.068564743,6.375,4.125,0.071428571,0.132184183,0.420689655,0.045454545,0.080255541,0.365591398,22,2.595744681,0.613598597,0.978723404,0.145864991,Kowloon,Hong Kong Island,0,1,0,0,0,0,0,0,13,0.282184313,1,-0.005,4,0.018,2,0.009,1
train_003,10,25,0.941176471,17,0,1,1,0.933333333,-0.066666667,30.26666667,55.06666667,12.46666667,1.266666667,FALSE,10,27,5.375,3.085106383,0.820689655,14,2,489.6166667,23.00232975,64.2125183,75.92995323,0,3.223611111,0.319427191,0.346491228,2.615951405,25.6837963,2.068564743,6.375,4.125,0.071428571,0.132184183,0.420689655,0.045454545,0.080255541,0.365591398,22,2.595744681,0.613598597,0.978723404,0.145864991,Kowloon,Hong Kong Island,0,1,0,0,0,0,0,0,15,0.301498247,1,-0.005,4,0.018,2,0.009,1
train_003,10,27,1,18,1,1,0.933333333,0.941176471,0.007843137,27.82352941,54.58823529,9.770588235,1.647058824,FALSE,10,27,5.375,3.085106383,0.820689655,14,2,489.6166667,23.00232975,64.2125183,75.92995323,0,3.223611111,0.319427191,0.346491228,2.615951405,25.6837963,2.068564743,6.375,4.125,0.071428571,0.132184183,0.420689655,0.045454545,0.080255541,0.365591398,22,2.595744681,0.613598597,0.978723404,0.145864991,Kowloon,Hong Kong Island,0,1,0,0,0,0,0,0,18,0.305886113,1,-0.005,4,0.018,2,0.009,1
train_003,10,25,0.95,20,2,1,0.941176471,1,0.058823529,23.88888889,51.83333333,9.9,0,FALSE,10,27,5.375,3.085106383,0.820689655,14,2,489.6166667,23.00232975,64.2125183,75.92995323,0,3.223611111,0.319427191,0.346491228,2.615951405,25.6837963,2.068564743,6.375,4.125,0.071428571,0.132184183,0.420689655,0.045454545,0.080255541,0.365591398,22,2.595744681,0.613598597,0.978723404,0.145864991,Kowloon,Hong Kong Island,0,1,0,0,0,0,0,0,19,0.29767329,1,-0.005,4,0.018,2,0.009,1
train_003,10,27,1,18,3,1,1,0.95,-0.05,27.3,53.7,9.79,1.8,FALSE,10,27,5.375,3.085106383,0.820689655,14,2,489.6166667,23.00232975,64.2125183,75.92995323,0,3.223611111,0.319427191,0.346491228,2.615951405,25.6837963,2.068564743,6.375,4.125,0.071428571,0.132184183,0.420689655,0.045454545,0.080255541,0.365591398,22,2.595744681,0.613598597,0.978723404,0.145864991,Kowloon,Hong Kong Island,0,1,0,0,0,0,0,0,18,0.289250102,1,-0.005,4,0.018,2,0.009,1
train_003,10,27,0.95,20,4,1,0.95,1,0.05,27.61111111,54,9.9,0,FALSE,10,27,5.375,3.085106383,0.820689655,14,2,489.6166667,23.00232975,64.2125183,75.92995323,0,3.223611111,0.319427191,0.346491228,2.615951405,25.6837963,2.068564743,6.375,4.125,0.071428571,0.132184183,0.420689655,0.045454545,0.080255541,0.365591398,22,2.595744681,0.613598597,0.978723404,0.145864991,Kowloon,Hong Kong Island,0,1,0,0,0,0,0,0,19,0.284456533,1,-0.005,4,0.018,2,0.009,1
train_003,10,25,0.923076923,13,5,1,1,0.95,-0.05,24.15,50.7,9.9,0.05,FALSE,10,27,5.375,3.085106383,0.820689655,14,2,489.6166667,23.00232975,64.2125183,75.92995323,0,3.223611111,0.319427191,0.346491228,2.615951405,25.6837963,2.068564743,6.375,4.125,0.071428571,0.132184183,0.420689655,0.045454545,0.080255541,0.365591398,22,2.595744681,0.613598597,0.978723404,0.145864991,Kowloon,Hong Kong Island,0,1,0,0,0,0,0,0,12,0.28434532,1,-0.005,4,0.018,2,0.009,1
train_003,10,27,0.95,20,6,1,0.95,0.923076923,-0.026923077,31.84615385,57.61538462,9.730769231,3.153846154,FALSE,10,27,5.375,3.085106383,0.820689655,14,2,489.6166667,23.00232975,64.2125183,75.92995323,0,3.223611111,0.319427191,0.346491228,2.615951405,25.6837963,2.068564743,6.375,4.125,0.071428571,0.132184183,0.420689655,0.045454545,0.080255541,0.365591398,22,2.595744681,0.613598597,0.978723404,0.145864991,Kowloon,Hong Kong Island,0,1,0,0,0,0,0,0,19,0.287069984,1,-0.005,4,0.018,2,0.009,1
train_003,10,25,0.941176471,17,7,1,0.923076923,0.95,0.026923077,27.7,54.35,9.9,0.05,FALSE,10,27,5.375,3.085106383,0.820689655,14,2,489.6166667,23.00232975,64.2125183,75.92995323,0,3.223611111,0.319427191,0.346491228,2.615951405,25.6837963,2.068564743,6.375,4.125,0.071428571,0.132184183,0.420689655,0.045454545,0.080255541,0.365591398,22,2.595744681,0.613598597,0.978723404,0.145864991,Kowloon,Hong Kong Island,0,1,0,0,0,0,0,0,15,0.300241221,1,-0.005,4,0.018,2,0.009,1
train_003,10,27,1,17,8,1,0.95,0.941176471,-0.008823529,34.11764706,61.11764706,10.09411765,5.058823529,FALSE,10,27,5.375,3.085106383,0.820689655,14,2,489.6166667,23.00232975,64.2125183,75.92995323,0,3.223611111,0.319427191,0.346491228,2.615951405,25.6837963,2.068564743,6.375,4.125,0.071428571,0.132184183,0.420689655,0.045454545,0.080255541,0.365591398,22,2.595744681,0.613598597,0.978723404,0.145864991,Kowloon,Hong Kong Island,0,1,0,0,0,0,0,0,17,0.302040622,1,-0.005,4,0.018,2,0.009,1
train_003,10,27,0.894736842,19,9,1,0.941176471,1,0.058823529,27.94117647,54.52941176,9.9,0,FALSE,10,27,5.375,3.085106383,0.820689655,14,2,489.6166667,23.00232975,64.2125183,75.92995323,0,3.223611111,0.319427191,0.346491228,2.615951405,25.6837963,2.068564743,6.375,4.125,0.071428571,0.132184183,0.420689655,0.045454545,0.080255541,0.365591398,22,2.595744681,0.613598597,0.978723404,0.145864991,Kowloon,Hong Kong Island,0,1,0,0,0,0,0,0,17,0.303603223,1,-0.005,4,0.018,2,0.009,1
train_003,10,27,0.95,20,10,1,1,0.894736842,-0.105263158,28.42105263,55.78947368,10.02631579,0,FALSE,10,27,5.375,3.085106383,0.820689655,14,2,489.6166667,23.00232975,64.2125183,75.92995323,0,3.223611111,0.319427191,0.346491228,2.615951405,25.6837963,2.068564743,6.375,4.125,0.071428571,0.132184183,0.420689655,0.045454545,0.080255541,0.365591398,22,2.595744681,0.613598597,0.978723404,0.145864991,Kowloon,Hong Kong Island,0,1,0,0,0,0,0,0,19,0.300105445,1,-0.005,4,0.018,2,0.009,1
train_003,10,27,1,15,11,1,0.894736842,0.95,0.055263158,28.1,55.1,10.3,0,FALSE,10,27,5.375,3.085106383,0.820689655,14,2,489.6166667,23.00232975,64.2125183,75.92995323,0,3.223611111,0.319427191,0.346491228,2.615951405,25.6837963,2.068564743,6.375,4.125,0.071428571,0.132184183,0.420689655,0.045454545,0.080255541,0.365591398,22,2.595744681,0.613598597,0.978723404,0.145864991,Kowloon,Hong Kong Island,0,1,0,0,0,0,0,0,15,0.297334428,1,-0.005,4,0.018,2,0.009,1
train_003,10,24,0.842105263,19,12,1,0.95,1,0.05,27.46666667,54.26666667,10.3,0,FALSE,10,27,5.375,3.085106383,0.820689655,14,2,489.6166667,23.00232975,64.2125183,75.92995323,0,3.223611111,0.319427191,0.346491228,2.615951405,25.6837963,2.068564743,6.375,4.125,0.071428571,0.132184183,0.420689655,0.045454545,0.080255541,0.365591398,22,2.595744681,0.613598597,0.978723404,0.145864991,Kowloon,Hong Kong Island,0,1,0,0,0,0,0,0,16,0.304746363,1,-0.005,4,0.018,2,0.009,1
train_003,10,27,0.722222222,18,13,1,1,0.842105263,-0.157894737,34.21052632,60.63157895,10.24210526,4.736842105,TRUE,10,27,5.375,3.085106383,0.820689655,14,2,489.6166667,23.00232975,64.2125183,75.92995323,0,3.223611111,0.319427191,0.346491228,2.615951405,25.6837963,2.068564743,6.375,4.125,0.071428571,0.132184183,0.420689655,0.045454545,0.080255541,0.365591398,22,2.595744681,0.613598597,0.978723404,0.145864991,Kowloon,Hong Kong Island,0,1,0,0,0,0,0,0,13,0.303871921,1,-0.005,4,0.018,2,0.009,1
train_004,76,65,0.619047619,21,-1,0,0,0.454545455,0,19.09090909,66.09090909,35.6,11.81818182,FALSE,76,75,5.25,4.152173913,0.853403141,20,3,491.0333333,29.41169355,18.92213657,74.57654257,0,8.9,1.96E-15,10,15.69593565,46.8127907,2.535574503,7.375,5,0.05,0.095196238,0.332460733,0.038461538,0.085721146,0.346774194,26,3.804347826,1.275749283,1,0,New Territories,New Territories,0,0,0,0,0,0,0,0,13,0.282184313,1,0.023,3,0.008,3,0.009,1
train_004,76,65,0.1875,16,0,1,0.454545455,0.619047619,0.164502165,11.19047619,57.80952381,35.6,5.380952381,FALSE,76,75,5.25,4.152173913,0.853403141,20,3,491.0333333,29.41169355,18.92213657,74.57654257,0,8.9,1.96E-15,10,15.69593565,46.8127907,2.535574503,7.375,5,0.05,0.095196238,0.332460733,0.038461538,0.085721146,0.346774194,26,3.804347826,1.275749283,1,0,New Territories,New Territories,0,0,0,0,0,0,0,0,3,0.301498247,0,0.023,3,0.008,3,0.009,1
train_004,76,63,0.210526316,19,1,1,0.619047619,0.1875,-0.431547619,24.1875,72.6875,32.81875,14.125,FALSE,76,75,5.25,4.152173913,0.853403141,20,3,491.0333333,29.41169355,18.92213657,74.57654257,0,8.9,1.96E-15,10,15.69593565,46.8127907,2.535574503,7.375,5,0.05,0.095196238,0.332460733,0.038461538,0.085721146,0.346774194,26,3.804347826,1.275749283,1,0,New Territories,New Territories,0,0,0,0,0,0,0,0,3,0.305886113,0,0.023,3,0.008,3,0.009,1
train_004,76,61,0.176470588,17,2,1,0.1875,0.210526316,0.023026316,19.57894737,71.42105263,32.48947368,12.84210526,FALSE,76,75,5.25,4.152173913,0.853403141,20,3,491.0333333,29.41169355,18.92213657,74.57654257,0,8.9,1.96E-15,10,15.69593565,46.8127907,2.535574503,7.375,5,0.05,0.095196238,0.332460733,0.038461538,0.085721146,0.346774194,26,3.804347826,1.275749283,1,0,New Territories,New Territories,0,0,0,0,0,0,0,0,2,0.29767329,0,0.023,3,0.008,3,0.009,1
train_004,76,65,0.157894737,19,3,1,0.210526316,0.176470588,-0.034055728,25,73.29411765,31.92941176,16.23529412,FALSE,76,75,5.25,4.152173913,0.853403141,20,3,491.0333333,29.41169355,18.92213657,74.57654257,0,8.9,1.96E-15,10,15.69593565,46.8127907,2.535574503,7.375,5,0.05,0.095196238,0.332460733,0.038461538,0.085721146,0.346774194,26,3.804347826,1.275749283,1,0,New Territories,New Territories,0,0,0,0,0,0,0,0,2,0.289250102,0,0.023,3,0.008,3,0.009,1
train_004,76,65,0.166666667,18,4,1,0.176470588,0.157894737,-0.018575851,26.15789474,74.73684211,32.78947368,15.78947368,FALSE,76,75,5.25,4.152173913,0.853403141,20,3,491.0333333,29.41169355,18.92213657,74.57654257,0,8.9,1.96E-15,10,15.69593565,46.8127907,2.535574503,7.375,5,0.05,0.095196238,0.332460733,0.038461538,0.085721146,0.346774194,26,3.804347826,1.275749283,1,0,New Territories,New Territories,0,0,0,0,0,0,0,0,2,0.284456533,0,0.023,3,0.008,3,0.009,1
train_004,71,59,0,14,5,1,0.157894737,0.166666667,0.00877193,28.66666667,76.72222222,33.62222222,18.77777778,FALSE,76,75,5.25,4.152173913,0.853403141,20,3,491.0333333,29.41169355,18.92213657,74.57654257,0,8.9,1.96E-15,10,15.69593565,46.8127907,2.535574503,7.375,5,0.05,0.095196238,0.332460733,0.038461538,0.085721146,0.346774194,26,3.804347826,1.275749283,1,0,New Territories,New Territories,0,0,0,0,0,0,0,0,0,0.28434532,0,0.023,3,0.008,3,0.009,1
train_004,76,65,0.136363636,22,6,1,0.166666667,0,-0.166666667,36.21428571,82.42857143,31.75,22.42857143,FALSE,76,75,5.25,4.152173913,0.853403141,20,3,491.0333333,29.41169355,18.92213657,74.57654257,0,8.9,1.96E-15,10,15.69593565,46.8127907,2.535574503,7.375,5,0.05,0.095196238,0.332460733,0.038461538,0.085721146,0.346774194,26,3.804347826,1.275749283,1,0,New Territories,New Territories,0,0,0,0,0,0,0,0,2,0.287069984,0,0.023,3,0.008,3,0.009,1
train_004,76,65,0.222222222,18,7,1,0,0.136363636,0.136363636,28.40909091,78,33.57727273,19.09090909,FALSE,76,75,5.25,4.152173913,0.853403141,20,3,491.0333333,29.41169355,18.92213657,74.57654257,0,8.9,1.96E-15,10,15.69593565,46.8127907,2.535574503,7.375,5,0.05,0.095196238,0.332460733,0.038461538,0.085721146,0.346774194,26,3.804347826,1.275749283,1,0,New Territories,New Territories,0,0,0,0,0,0,0,0,4,0.300241221,0,0.023,3,0.008,3,0.009,1
train_004,74,63,0.222222222,18,8,1,0.136363636,0.222222222,0.085858586,22.27777778,69.44444444,32.63333333,11.27777778,FALSE,76,75,5.25,4.152173913,0.853403141,20,3,491.0333333,29.41169355,18.92213657,74.57654257,0,8.9,1.96E-15,10,15.69593565,46.8127907,2.535574503,7.375,5,0.05,0.095196238,0.332460733,0.038461538,0.085721146,0.346774194,26,3.804347826,1.275749283,1,0,New Territories,New Territories,0,0,0,0,0,0,0,0,4,0.302040622,0,0.023,3,0.008,3,0.009,1
train_004,76,65,0.052631579,19,9,1,0.222222222,0.222222222,0,26.66666667,73.55555556,31.20555556,15.11111111,FALSE,76,75,5.25,4.152173913,0.853403141,20,3,491.0333333,29.41169355,18.92213657,74.57654257,0,8.9,1.96E-15,10,15.69593565,46.8127907,2.535574503,7.375,5,0.05,0.095196238,0.332460733,0.038461538,0.085721146,0.346774194,26,3.804347826,1.275749283,1,0,New Territories,New Territories,0,0,0,0,0,0,0,0,0,0.303603223,0,0.023,3,0.008,3,0.009,1
train_004,76,65,0.578947368,19,10,1,0.222222222,0.052631579,-0.169590643,28.26315789,76.84210526,33.78947368,17,FALSE,76,75,5.25,4.152173913,0.853403141,20,3,491.0333333,29.41169355,18.92213657,74.57654257,0,8.9,1.96E-15,10,15.69593565,46.8127907,2.535574503,7.375,5,0.05,0.095196238,0.332460733,0.038461538,0.085721146,0.346774194,26,3.804347826,1.275749283,1,0,New Territories,New Territories,0,0,0,0,0,0,0,0,11,0.300105445,1,0.023,3,0.008,3,0.009,1
train_004,74,62,0.65,20,11,1,0.052631579,0.578947368,0.526315789,10.05263158,57.52631579,29.26842105,5.947368421,FALSE,76,75,5.25,4.152173913,0.853403141,20,3,491.0333333,29.41169355,18.92213657,74.57654257,0,8.9,1.96E-15,10,15.69593565,46.8127907,2.535574503,7.375,5,0.05,0.095196238,0.332460733,0.038461538,0.085721146,0.346774194,26,3.804347826,1.275749283,1,0,New Territories,New Territories,0,0,0,0,0,0,0,0,13,0.297334428,1,0.023,3,0.008,3,0.009,1
train_004,76,63,0.333333333,18,12,1,0.578947368,0.65,0.071052632,7.65,54.1,28.225,2.35,FALSE,76,75,5.25,4.152173913,0.853403141,20,3,491.0333333,29.41169355,18.92213657,74.57654257,0,8.9,1.96E-15,10,15.69593565,46.8127907,2.535574503,7.375,5,0.05,0.095196238,0.332460733,0.038461538,0.085721146,0.346774194,26,3.804347826,1.275749283,1,0,New Territories,New Territories,0,0,0,0,0,0,0,0,6,0.304746363,0,0.023,3,0.008,3,0.009,1
train_004,76,65,0.4375,16,13,1,0.65,0.333333333,-0.316666667,15.22222222,65.11111111,31.52222222,8.722222222,TRUE,76,75,5.25,4.152173913,0.853403141,20,3,491.0333333,29.41169355,18.92213657,74.57654257,0,8.9,1.96E-15,10,15.69593565,46.8127907,2.535574503,7.375,5,0.05,0.095196238,0.332460733,0.038461538,0.085721146,0.346774194,26,3.804347826,1.275749283,1,0,New Territories,New Territories,0,0,0,0,0,0,0,0,7,0.303871921,0,0.023,3,0.008,3,0.009,1
train_005,12,16,0,14,-1,0,0,0,0,85,100.3636364,6.2,40.36363636,FALSE,12,12,4.875,1.651162791,0.746478873,10,2,546.4666667,16.48412698,18.19081472,-0.016666667,0,1.55,8.83E-16,43.69811828,18.4621202,15.46936937,1.97727644,6.625,4.125,0.1,0.184978909,0.464788732,0.166666667,0.349927106,0.880952381,6,2.023255814,0.344229443,0.953488372,0.213082632,Kowloon,Kowloon,0,0,1,1,0,0,1,1,0,0.282184313,0,0.023,3,0.015,1,0.009,3
train_005,12,16,0.75,20,0,1,0,0,0,93.57142857,109.5,6.2,49.5,FALSE,12,12,4.875,1.651162791,0.746478873,10,2,546.4666667,16.48412698,18.19081472,-0.016666667,0,1.55,8.83E-16,43.69811828,18.4621202,15.46936937,1.97727644,6.625,4.125,0.1,0.184978909,0.464788732,0.166666667,0.349927106,0.880952381,6,2.023255814,0.344229443,0.953488372,0.213082632,Kowloon,Kowloon,0,0,1,1,0,0,1,1,15,0.301498247,1,0.023,3,0.015,1,0.009,3
train_005,12,15,0.545454545,22,1,1,0,0.75,0.75,41.7,59.1,4.68,2.55,FALSE,12,12,4.875,1.651162791,0.746478873,10,2,546.4666667,16.48412698,18.19081472,-0.016666667,0,1.55,8.83E-16,43.69811828,18.4621202,15.46936937,1.97727644,6.625,4.125,0.1,0.184978909,0.464788732,0.166666667,0.349927106,0.880952381,6,2.023255814,0.344229443,0.953488372,0.213082632,Kowloon,Kowloon,0,0,1,1,0,0,1,1,12,0.305886113,1,0.023,3,0.015,1,0.009,3
train_005,12,16,0.176470588,17,2,1,0.75,0.545454545,-0.204545455,44.72727273,62.45454545,5.131818182,3.909090909,FALSE,12,12,4.875,1.651162791,0.746478873,10,2,546.4666667,16.48412698,18.19081472,-0.016666667,0,1.55,8.83E-16,43.69811828,18.4621202,15.46936937,1.97727644,6.625,4.125,0.1,0.184978909,0.464788732,0.166666667,0.349927106,0.880952381,6,2.023255814,0.344229443,0.953488372,0.213082632,Kowloon,Kowloon,0,0,1,1,0,0,1,1,2,0.29767329,0,0.023,3,0.015,1,0.009,3
train_005,12,16,0.111111111,18,3,1,0.545454545,0.176470588,-0.368983957,46.23529412,62.41176471,4.788235294,2.764705882,FALSE,12,12,4.875,1.651162791,0.746478873,10,2,546.4666667,16.48412698,18.19081472,-0.016666667,0,1.55,8.83E-16,43.69811828,18.4621202,15.46936937,1.97727644,6.625,4.125,0.1,0.184978909,0.464788732,0.166666667,0.349927106,0.880952381,6,2.023255814,0.344229443,0.953488372,0.213082632,Kowloon,Kowloon,0,0,1,1,0,0,1,1,2,0.289250102,0,0.023,3,0.015,1,0.009,3
train_005,12,16,0.19047619,21,4,1,0.176470588,0.111111111,-0.065359477,48.11111111,64.11111111,5.044444444,4.277777778,FALSE,12,12,4.875,1.651162791,0.746478873,10,2,546.4666667,16.48412698,18.19081472,-0.016666667,0,1.55,8.83E-16,43.69811828,18.4621202,15.46936937,1.97727644,6.625,4.125,0.1,0.184978909,0.464788732,0.166666667,0.349927106,0.880952381,6,2.023255814,0.344229443,0.953488372,0.213082632,Kowloon,Kowloon,0,0,1,1,0,0,1,1,3,0.284456533,0,0.023,3,0.015,1,0.009,3
train_005,12,16,0.25,12,5,1,0.111111111,0.19047619,0.079365079,46.57142857,62.85714286,4.904761905,3.238095238,FALSE,12,12,4.875,1.651162791,0.746478873,10,2,546.4666667,16.48412698,18.19081472,-0.016666667,0,1.55,8.83E-16,43.69811828,18.4621202,15.46936937,1.97727644,6.625,4.125,0.1,0.184978909,0.464788732,0.166666667,0.349927106,0.880952381,6,2.023255814,0.344229443,0.953488372,0.213082632,Kowloon,Kowloon,0,0,1,1,0,0,1,1,3,0.28434532,0,0.023,3,0.015,1,0.009,3
train_005,12,16,0.090909091,22,6,1,0.19047619,0.25,0.05952381,47.25,63,5.133333333,3.333333333,FALSE,12,12,4.875,1.651162791,0.746478873,10,2,546.4666667,16.48412698,18.19081472,-0.016666667,0,1.55,8.83E-16,43.69811828,18.4621202,15.46936937,1.97727644,6.625,4.125,0.1,0.184978909,0.464788732,0.166666667,0.349927106,0.880952381,6,2.023255814,0.344229443,0.953488372,0.213082632,Kowloon,Kowloon,0,0,1,1,0,0,1,1,1,0.287069984,0,0.023,3,0.015,1,0.009,3
train_005,12,16,0,19,7,1,0.25,0.090909091,-0.159090909,47.77272727,63.81818182,5.036363636,4.090909091,FALSE,12,12,4.875,1.651162791,0.746478873,10,2,546.4666667,16.48412698,18.19081472,-0.016666667,0,1.55,8.83E-16,43.69811828,18.4621202,15.46936937,1.97727644,6.625,4.125,0.1,0.184978909,0.464788732,0.166666667,0.349927106,0.880952381,6,2.023255814,0.344229443,0.953488372,0.213082632,Kowloon,Kowloon,0,0,1,1,0,0,1,1,0,0.300241221,0,0.023,3,0.015,1,0.009,3
train_005,12,16,0,19,8,1,0.090909091,0,-0.090909091,47.52631579,62.89473684,4.852631579,2.894736842,FALSE,12,12,4.875,1.651162791,0.746478873,10,2,546.4666667,16.48412698,18.19081472,-0.016666667,0,1.55,8.83E-16,43.69811828,18.4621202,15.46936937,1.97727644,6.625,4.125,0.1,0.184978909,0.464788732,0.166666667,0.349927106,0.880952381,6,2.023255814,0.344229443,0.953488372,0.213082632,Kowloon,Kowloon,0,0,1,1,0,0,1,1,0,0.302040622,0,0.023,3,0.015,1,0.009,3
train_005,12,16,0.136363636,22,9,1,0,0,0,48.05263158,63.05263158,4.936842105,3.052631579,FALSE,12,12,4.875,1.651162791,0.746478873,10,2,546.4666667,16.48412698,18.19081472,-0.016666667,0,1.55,8.83E-16,43.69811828,18.4621202,15.46936937,1.97727644,6.625,4.125,0.1,0.184978909,0.464788732,0.166666667,0.349927106,0.880952381,6,2.023255814,0.344229443,0.953488372,0.213082632,Kowloon,Kowloon,0,0,1,1,0,0,1,1,2,0.303603223,0,0.023,3,0.015,1,0.009,3
train_005,12,16,0.285714286,21,10,1,0,0.136363636,0.136363636,46.86363636,62.18181818,4.736363636,2.409090909,FALSE,12,12,4.875,1.651162791,0.746478873,10,2,546.4666667,16.48412698,18.19081472,-0.016666667,0,1.55,8.83E-16,43.69811828,18.4621202,15.46936937,1.97727644,6.625,4.125,0.1,0.184978909,0.464788732,0.166666667,0.349927106,0.880952381,6,2.023255814,0.344229443,0.953488372,0.213082632,Kowloon,Kowloon,0,0,1,1,0,0,1,1,6,0.300105445,0,0.023,3,0.015,1,0.009,3
train_005,12,16,0.117647059,17,11,1,0.136363636,0.285714286,0.149350649,44.19047619,59.95238095,4.880952381,1.904761905,FALSE,12,12,4.875,1.651162791,0.746478873,10,2,546.4666667,16.48412698,18.19081472,-0.016666667,0,1.55,8.83E-16,43.69811828,18.4621202,15.46936937,1.97727644,6.625,4.125,0.1,0.184978909,0.464788732,0.166666667,0.349927106,0.880952381,6,2.023255814,0.344229443,0.953488372,0.213082632,Kowloon,Kowloon,0,0,1,1,0,0,1,1,1,0.297334428,0,0.023,3,0.015,1,0.009,3
train_005,12,16,0.3,20,12,1,0.285714286,0.117647059,-0.168067227,45.58823529,60.94117647,4.8,1.411764706,FALSE,12,12,4.875,1.651162791,0.746478873,10,2,546.4666667,16.48412698,18.19081472,-0.016666667,0,1.55,8.83E-16,43.69811828,18.4621202,15.46936937,1.97727644,6.625,4.125,0.1,0.184978909,0.464788732,0.166666667,0.349927106,0.880952381,6,2.023255814,0.344229443,0.953488372,0.213082632,Kowloon,Kowloon,0,0,1,1,0,0,1,1,6,0.304746363,0,0.023,3,0.015,1,0.009,3
train_005,12,15,0.315789474,19,13,1,0.117647059,0.3,0.182352941,46.75,62.45,5.055,3.5,TRUE,12,12,4.875,1.651162791,0.746478873,10,2,546.4666667,16.48412698,18.19081472,-0.016666667,0,1.55,8.83E-16,43.69811828,18.4621202,15.46936937,1.97727644,6.625,4.125,0.1,0.184978909,0.464788732,0.166666667,0.349927106,0.880952381,6,2.023255814,0.344229443,0.953488372,0.213082632,Kowloon,Kowloon,0,0,1,1,0,0,1,1,6,0.303871921,0,0.023,3,0.015,1,0.009,3
train_006,75,80,0.9,20,-1,0,0,1,0,7,53.66666667,0,0,FALSE,75,80,6.25,4.054545455,0.730941704,13,3,489,32.71903153,51.91331557,22.50387868,0.634615385,0.716176471,0.978022679,12.38733333,18.34825473,29.52058823,16.44548708,11.5,4.625,0.076923077,0.113429548,0.360544218,0.052631579,0.08437921,0.256756757,19,3.381818182,0.971652069,1,0,New Territories,Kowloon,0,1,0,0,0,0,0,0,18,0.282184313,1,-0.005,4,-0.013,4,0.019,2
train_006,75,80,0.6,20,0,1,1,0.9,-0.1,6.25,53.75,0,0.65,FALSE,75,80,6.25,4.054545455,0.730941704,13,3,489,32.71903153,51.91331557,22.50387868,0.634615385,0.716176471,0.978022679,12.38733333,18.34825473,29.52058823,16.44548708,11.5,4.625,0.076923077,0.113429548,0.360544218,0.052631579,0.08437921,0.256756757,19,3.381818182,0.971652069,1,0,New Territories,Kowloon,0,1,0,0,0,0,0,0,12,0.301498247,1,-0.005,4,-0.013,4,0.019,2
train_006,75,79,0.904761905,21,1,1,0.9,0.6,-0.3,10.05,59.1,0,1.3,FALSE,75,80,6.25,4.054545455,0.730941704,13,3,489,32.71903153,51.91331557,22.50387868,0.634615385,0.716176471,0.978022679,12.38733333,18.34825473,29.52058823,16.44548708,11.5,4.625,0.076923077,0.113429548,0.360544218,0.052631579,0.08437921,0.256756757,19,3.381818182,0.971652069,1,0,New Territories,Kowloon,0,1,0,0,0,0,0,0,19,0.305886113,1,-0.005,4,-0.013,4,0.019,2
train_006,75,80,0.866666667,15,2,1,0.6,0.904761905,0.304761905,8.666666667,57.28571429,0,0.761904762,FALSE,75,80,6.25,4.054545455,0.730941704,13,3,489,32.71903153,51.91331557,22.50387868,0.634615385,0.716176471,0.978022679,12.38733333,18.34825473,29.52058823,16.44548708,11.5,4.625,0.076923077,0.113429548,0.360544218,0.052631579,0.08437921,0.256756757,19,3.381818182,0.971652069,1,0,New Territories,Kowloon,0,1,0,0,0,0,0,0,13,0.29767329,1,-0.005,4,-0.013,4,0.019,2
train_006,75,77,0.666666667,21,3,1,0.904761905,0.866666667,-0.038095238,9.666666667,57.46666667,0,0.333333333,FALSE,75,80,6.25,4.054545455,0.730941704,13,3,489,32.71903153,51.91331557,22.50387868,0.634615385,0.716176471,0.978022679,12.38733333,18.34825473,29.52058823,16.44548708,11.5,4.625,0.076923077,0.113429548,0.360544218,0.052631579,0.08437921,0.256756757,19,3.381818182,0.971652069,1,0,New Territories,Kowloon,0,1,0,0,0,0,0,0,14,0.289250102,1,-0.005,4,-0.013,4,0.019,2
train_006,75,80,0.7,20,4,1,0.866666667,0.666666667,-0.2,10.9047619,61.33333333,0.238095238,3.380952381,FALSE,75,80,6.25,4.054545455,0.730941704,13,3,489,32.71903153,51.91331557,22.50387868,0.634615385,0.716176471,0.978022679,12.38733333,18.34825473,29.52058823,16.44548708,11.5,4.625,0.076923077,0.113429548,0.360544218,0.052631579,0.08437921,0.256756757,19,3.381818182,0.971652069,1,0,New Territories,Kowloon,0,1,0,0,0,0,0,0,14,0.284456533,1,-0.005,4,-0.013,4,0.019,2
train_006,75,80,0.666666667,18,5,1,0.666666667,0.7,0.033333333,11.35,59.8,0,1.65,FALSE,75,80,6.25,4.054545455,0.730941704,13,3,489,32.71903153,51.91331557,22.50387868,0.634615385,0.716176471,0.978022679,12.38733333,18.34825473,29.52058823,16.44548708,11.5,4.625,0.076923077,0.113429548,0.360544218,0.052631579,0.08437921,0.256756757,19,3.381818182,0.971652069,1,0,New Territories,Kowloon,0,1,0,0,0,0,0,0,12,0.28434532,1,-0.005,4,-0.013,4,0.019,2
train_006,75,77,0.681818182,22,6,1,0.7,0.666666667,-0.033333333,11.38888889,58.72222222,0,1.333333333,FALSE,75,80,6.25,4.054545455,0.730941704,13,3,489,32.71903153,51.91331557,22.50387868,0.634615385,0.716176471,0.978022679,12.38733333,18.34825473,29.52058823,16.44548708,11.5,4.625,0.076923077,0.113429548,0.360544218,0.052631579,0.08437921,0.256756757,19,3.381818182,0.971652069,1,0,New Territories,Kowloon,0,1,0,0,0,0,0,0,14,0.287069984,1,-0.005,4,-0.013,4,0.019,2
train_006,75,80,0.842105263,19,7,1,0.666666667,0.681818182,0.015151515,11.5,61.86363636,0.304545455,3.181818182,FALSE,75,80,6.25,4.054545455,0.730941704,13,3,489,32.71903153,51.91331557,22.50387868,0.634615385,0.716176471,0.978022679,12.38733333,18.34825473,29.52058823,16.44548708,11.5,4.625,0.076923077,0.113429548,0.360544218,0.052631579,0.08437921,0.256756757,19,3.381818182,0.971652069,1,0,New Territories,Kowloon,0,1,0,0,0,0,0,0,16,0.300241221,1,-0.005,4,-0.013,4,0.019,2
train_006,75,80,0.941176471,17,8,1,0.681818182,0.842105263,0.160287081,10,57.31578947,0,0.578947368,FALSE,75,80,6.25,4.054545455,0.730941704,13,3,489,32.71903153,51.91331557,22.50387868,0.634615385,0.716176471,0.978022679,12.38733333,18.34825473,29.52058823,16.44548708,11.5,4.625,0.076923077,0.113429548,0.360544218,0.052631579,0.08437921,0.256756757,19,3.381818182,0.971652069,1,0,New Territories,Kowloon,0,1,0,0,0,0,0,0,15,0.302040622,1,-0.005,4,-0.013,4,0.019,2
train_006,75,80,0.818181818,22,9,1,0.842105263,0.941176471,0.099071207,8,55.76470588,0,0.117647059,FALSE,75,80,6.25,4.054545455,0.730941704,13,3,489,32.71903153,51.91331557,22.50387868,0.634615385,0.716176471,0.978022679,12.38733333,18.34825473,29.52058823,16.44548708,11.5,4.625,0.076923077,0.113429548,0.360544218,0.052631579,0.08437921,0.256756757,19,3.381818182,0.971652069,1,0,New Territories,Kowloon,0,1,0,0,0,0,0,0,18,0.303603223,1,-0.005,4,-0.013,4,0.019,2
train_006,75,80,0.823529412,17,10,1,0.941176471,0.818181818,-0.122994652,7.727272727,56.86363636,0,0.363636364,FALSE,75,80,6.25,4.054545455,0.730941704,13,3,489,32.71903153,51.91331557,22.50387868,0.634615385,0.716176471,0.978022679,12.38733333,18.34825473,29.52058823,16.44548708,11.5,4.625,0.076923077,0.113429548,0.360544218,0.052631579,0.08437921,0.256756757,19,3.381818182,0.971652069,1,0,New Territories,Kowloon,0,1,0,0,0,0,0,0,14,0.300105445,1,-0.005,4,-0.013,4,0.019,2
train_006,75,80,0.85,20,11,1,0.818181818,0.823529412,0.005347594,7.117647059,56.76470588,0,0.529411765,FALSE,75,80,6.25,4.054545455,0.730941704,13,3,489,32.71903153,51.91331557,22.50387868,0.634615385,0.716176471,0.978022679,12.38733333,18.34825473,29.52058823,16.44548708,11.5,4.625,0.076923077,0.113429548,0.360544218,0.052631579,0.08437921,0.256756757,19,3.381818182,0.971652069,1,0,New Territories,Kowloon,0,1,0,0,0,0,0,0,17,0.297334428,1,-0.005,4,-0.013,4,0.019,2
train_006,75,80,0.85,20,12,1,0.823529412,0.85,0.026470588,7.25,56.85,0,0.55,FALSE,75,80,6.25,4.054545455,0.730941704,13,3,489,32.71903153,51.91331557,22.50387868,0.634615385,0.716176471,0.978022679,12.38733333,18.34825473,29.52058823,16.44548708,11.5,4.625,0.076923077,0.113429548,0.360544218,0.052631579,0.08437921,0.256756757,19,3.381818182,0.971652069,1,0,New Territories,Kowloon,0,1,0,0,0,0,0,0,17,0.304746363,1,-0.005,4,-0.013,4,0.019,2
train_006,75,77,1,20,13,1,0.85,0.85,0,6.35,56.5,0,0.6,TRUE,75,80,6.25,4.054545455,0.730941704,13,3,489,32.71903153,51.91331557,22.50387868,0.634615385,0.716176471,0.978022679,12.38733333,18.34825473,29.52058823,16.44548708,11.5,4.625,0.076923077,0.113429548,0.360544218,0.052631579,0.08437921,0.256756757,19,3.381818182,0.971652069,1,0,New Territories,Kowloon,0,1,0,0,0,0,0,0,20,0.303871921,1,-0.005,4,-0.013,4,0.019,2
train_007,11,3,0.5,16,-1,0,0,0.5,0,33.22222222,59.88888889,13.2,1.777777778,FALSE,11,2,6.625,3.280701754,0.679144385,15,2,496.125,22.9403794,39.18788232,60.88515818,0,3.15,0.522912517,5.083333333,14.46158293,25.26936937,4.552562557,5.75,4.125,0.066666667,0.126262217,0.43315508,0.037037037,0.065714665,0.268292683,27,2.385964912,0.647919361,1,0,Kowloon,Hong Kong Island,0,1,1,1,0,0,1,1,8,0.282184313,0,-0.005,4,0.018,2,0.009,1
train_007,11,30,0.6875,16,0,1,0.5,0.5,0,33,59.1875,13.06875,1.1875,FALSE,11,2,6.625,3.280701754,0.679144385,15,2,496.125,22.9403794,39.18788232,60.88515818,0,3.15,0.522912517,5.083333333,14.46158293,25.26936937,4.552562557,5.75,4.125,0.066666667,0.126262217,0.43315508,0.037037037,0.065714665,0.268292683,27,2.385964912,0.647919361,1,0,Kowloon,Hong Kong Island,0,1,1,1,0,0,1,1,11,0.301498247,1,-0.005,4,0.018,2,0.009,1
train_007,11,29,0.619047619,21,1,1,0.5,0.6875,0.1875,33.4375,58.125,8.575,0.75,FALSE,11,2,6.625,3.280701754,0.679144385,15,2,496.125,22.9403794,39.18788232,60.88515818,0,3.15,0.522912517,5.083333333,14.46158293,25.26936937,4.552562557,5.75,4.125,0.066666667,0.126262217,0.43315508,0.037037037,0.065714665,0.268292683,27,2.385964912,0.647919361,1,0,Kowloon,Hong Kong Island,0,1,1,1,0,0,1,1,13,0.305886113,1,-0.005,4,0.018,2,0.009,1
train_007,11,24,0.7,20,2,1,0.6875,0.619047619,-0.068452381,30.57142857,56.76190476,8.585714286,0.904761905,FALSE,11,2,6.625,3.280701754,0.679144385,15,2,496.125,22.9403794,39.18788232,60.88515818,0,3.15,0.522912517,5.083333333,14.46158293,25.26936937,4.552562557,5.75,4.125,0.066666667,0.126262217,0.43315508,0.037037037,0.065714665,0.268292683,27,2.385964912,0.647919361,1,0,Kowloon,Hong Kong Island,0,1,1,1,0,0,1,1,14,0.29767329,1,-0.005,4,0.018,2,0.009,1
train_007,11,32,0.842105263,19,3,1,0.619047619,0.7,0.080952381,27.15,52.6,9.005,1.55,FALSE,11,2,6.625,3.280701754,0.679144385,15,2,496.125,22.9403794,39.18788232,60.88515818,0,3.15,0.522912517,5.083333333,14.46158293,25.26936937,4.552562557,5.75,4.125,0.066666667,0.126262217,0.43315508,0.037037037,0.065714665,0.268292683,27,2.385964912,0.647919361,1,0,Kowloon,Hong Kong Island,0,1,1,1,0,0,1,1,16,0.289250102,1,-0.005,4,0.018,2,0.009,1
train_007,11,26,0.952380952,21,4,1,0.7,0.842105263,0.142105263,27.42105263,52.26315789,8.447368421,0.526315789,FALSE,11,2,6.625,3.280701754,0.679144385,15,2,496.125,22.9403794,39.18788232,60.88515818,0,3.15,0.522912517,5.083333333,14.46158293,25.26936937,4.552562557,5.75,4.125,0.066666667,0.126262217,0.43315508,0.037037037,0.065714665,0.268292683,27,2.385964912,0.647919361,1,0,Kowloon,Hong Kong Island,0,1,1,1,0,0,1,1,20,0.284456533,1,-0.005,4,0.018,2,0.009,1
train_007,11,17,0.705882353,17,5,1,0.842105263,0.952380952,0.110275689,26.33333333,51,8.738095238,0.761904762,FALSE,11,2,6.625,3.280701754,0.679144385,15,2,496.125,22.9403794,39.18788232,60.88515818,0,3.15,0.522912517,5.083333333,14.46158293,25.26936937,4.552562557,5.75,4.125,0.066666667,0.126262217,0.43315508,0.037037037,0.065714665,0.268292683,27,2.385964912,0.647919361,1,0,Kowloon,Hong Kong Island,0,1,1,1,0,0,1,1,12,0.28434532,1,-0.005,4,0.018,2,0.009,1
train_007,11,27,0.272727273,22,6,1,0.952380952,0.705882353,-0.246498599,29.94117647,55.52941176,9.217647059,1.352941176,FALSE,11,2,6.625,3.280701754,0.679144385,15,2,496.125,22.9403794,39.18788232,60.88515818,0,3.15,0.522912517,5.083333333,14.46158293,25.26936937,4.552562557,5.75,4.125,0.066666667,0.126262217,0.43315508,0.037037037,0.065714665,0.268292683,27,2.385964912,0.647919361,1,0,Kowloon,Hong Kong Island,0,1,1,1,0,0,1,1,6,0.287069984,0,-0.005,4,0.018,2,0.009,1
train_007,11,29,0.3,10,7,1,0.705882353,0.272727273,-0.43315508,37.04545455,62.77272727,9.304545455,3.772727273,FALSE,11,2,6.625,3.280701754,0.679144385,15,2,496.125,22.9403794,39.18788232,60.88515818,0,3.15,0.522912517,5.083333333,14.46158293,25.26936937,4.552562557,5.75,4.125,0.066666667,0.126262217,0.43315508,0.037037037,0.065714665,0.268292683,27,2.385964912,0.647919361,1,0,Kowloon,Hong Kong Island,0,1,1,1,0,0,1,1,3,0.300241221,0,-0.005,4,0.018,2,0.009,1
train_007,11,32,0,4,8,1,0.272727273,0.3,0.027272727,35.9,61.5,9.3,3.2,FALSE,11,2,6.625,3.280701754,0.679144385,15,2,496.125,22.9403794,39.18788232,60.88515818,0,3.15,0.522912517,5.083333333,14.46158293,25.26936937,4.552562557,5.75,4.125,0.066666667,0.126262217,0.43315508,0.037037037,0.065714665,0.268292683,27,2.385964912,0.647919361,1,0,Kowloon,Hong Kong Island,0,1,1,1,0,0,1,1,0,0.302040622,0,-0.005,4,0.018,2,0.009,1
train_007,11,27,0.157894737,19,9,1,0.3,0,-0.3,45.5,71.25,10.4,11.25,FALSE,11,2,6.625,3.280701754,0.679144385,15,2,496.125,22.9403794,39.18788232,60.88515818,0,3.15,0.522912517,5.083333333,14.46158293,25.26936937,4.552562557,5.75,4.125,0.066666667,0.126262217,0.43315508,0.037037037,0.065714665,0.268292683,27,2.385964912,0.647919361,1,0,Kowloon,Hong Kong Island,0,1,1,1,0,0,1,1,2,0.303603223,0,-0.005,4,0.018,2,0.009,1
train_007,11,29,0.05,20,10,1,0,0.157894737,0.157894737,42.94736842,68.57894737,10.22631579,10.42105263,FALSE,11,2,6.625,3.280701754,0.679144385,15,2,496.125,22.9403794,39.18788232,60.88515818,0,3.15,0.522912517,5.083333333,14.46158293,25.26936937,4.552562557,5.75,4.125,0.066666667,0.126262217,0.43315508,0.037037037,0.065714665,0.268292683,27,2.385964912,0.647919361,1,0,Kowloon,Hong Kong Island,0,1,1,1,0,0,1,1,1,0.300105445,0,-0.005,4,0.018,2,0.009,1
train_007,11,29,0.380952381,21,11,1,0.157894737,0.05,-0.107894737,42.9,69.3,10.89,9.35,FALSE,11,2,6.625,3.280701754,0.679144385,15,2,496.125,22.9403794,39.18788232,60.88515818,0,3.15,0.522912517,5.083333333,14.46158293,25.26936937,4.552562557,5.75,4.125,0.066666667,0.126262217,0.43315508,0.037037037,0.065714665,0.268292683,27,2.385964912,0.647919361,1,0,Kowloon,Hong Kong Island,0,1,1,1,0,0,1,1,7,0.297334428,0,-0.005,4,0.018,2,0.009,1
train_007,11,28,0.5,16,12,1,0.05,0.380952381,0.330952381,36.42857143,61.57142857,9.819047619,4.238095238,FALSE,11,2,6.625,3.280701754,0.679144385,15,2,496.125,22.9403794,39.18788232,60.88515818,0,3.15,0.522912517,5.083333333,14.46158293,25.26936937,4.552562557,5.75,4.125,0.066666667,0.126262217,0.43315508,0.037037037,0.065714665,0.268292683,27,2.385964912,0.647919361,1,0,Kowloon,Hong Kong Island,0,1,1,1,0,0,1,1,8,0.304746363,0,-0.005,4,0.018,2,0.009,1
train_007,11,30,0.333333333,18,13,1,0.380952381,0.5,0.119047619,31.5625,57.3125,9.44375,2.25,TRUE,11,2,6.625,3.280701754,0.679144385,15,2,496.125,22.9403794,39.18788232,60.88515818,0,3.15,0.522912517,5.083333333,14.46158293,25.26936937,4.552562557,5.75,4.125,0.066666667,0.126262217,0.43315508,0.037037037,0.065714665,0.268292683,27,2.385964912,0.647919361,1,0,Kowloon,Hong Kong Island,0,1,1,1,0,0,1,1,6,0.303871921,0,-0.005,4,0.018,2,0.009,1
train_008,75,64,0.666666667,21,-1,0,0,0.666666667,0,17.80952381,61.61904762,19,4.476190476,FALSE,75,64,5.625,2.612244898,0.78125,6,2,493.95,36.46230158,14.62631034,23.04131817,0,4.745,0.035355339,4.656306307,13.0105816,29.35866667,98.1822909,7.125,4.875,0.166666667,0.244615684,0.484375,0.2,0.259512887,0.583333333,5,2.12244898,0.331200661,1,0,New Territories,Kowloon,0,1,0,0,0,0,0,0,14,0.282184313,1,0.002,2,-0.013,4,0.009,1
train_008,75,64,0.315789474,19,0,1,0.666666667,0.666666667,0,20.9047619,64.28571429,19,6.857142857,FALSE,75,64,5.625,2.612244898,0.78125,6,2,493.95,36.46230158,14.62631034,23.04131817,0,4.745,0.035355339,4.656306307,13.0105816,29.35866667,98.1822909,7.125,4.875,0.166666667,0.244615684,0.484375,0.2,0.259512887,0.583333333,5,2.12244898,0.331200661,1,0,New Territories,Kowloon,0,1,0,0,0,0,0,0,6,0.301498247,0,0.002,2,-0.013,4,0.009,1
train_008,75,64,0.578947368,19,1,1,0.666666667,0.315789474,-0.350877193,15.89473684,61.84210526,17.10526316,3.157894737,FALSE,75,64,5.625,2.612244898,0.78125,6,2,493.95,36.46230158,14.62631034,23.04131817,0,4.745,0.035355339,4.656306307,13.0105816,29.35866667,98.1822909,7.125,4.875,0.166666667,0.244615684,0.484375,0.2,0.259512887,0.583333333,5,2.12244898,0.331200661,1,0,New Territories,Kowloon,0,1,0,0,0,0,0,0,11,0.305886113,1,0.002,2,-0.013,4,0.009,1
train_008,75,64,0.368421053,19,2,1,0.315789474,0.578947368,0.263157895,14.73684211,59.89473684,17.10526316,2.157894737,FALSE,75,64,5.625,2.612244898,0.78125,6,2,493.95,36.46230158,14.62631034,23.04131817,0,4.745,0.035355339,4.656306307,13.0105816,29.35866667,98.1822909,7.125,4.875,0.166666667,0.244615684,0.484375,0.2,0.259512887,0.583333333,5,2.12244898,0.331200661,1,0,New Territories,Kowloon,0,1,0,0,0,0,0,0,7,0.29767329,0,0.002,2,-0.013,4,0.009,1
train_008,75,64,0.636363636,22,3,1,0.578947368,0.368421053,-0.210526316,17.26315789,61.94736842,16.85263158,2.368421053,FALSE,75,64,5.625,2.612244898,0.78125,6,2,493.95,36.46230158,14.62631034,23.04131817,0,4.745,0.035355339,4.656306307,13.0105816,29.35866667,98.1822909,7.125,4.875,0.166666667,0.244615684,0.484375,0.2,0.259512887,0.583333333,5,2.12244898,0.331200661,1,0,New Territories,Kowloon,0,1,0,0,0,0,0,0,14,0.289250102,1,0.002,2,-0.013,4,0.009,1
train_008,75,64,0.619047619,21,4,1,0.368421053,0.636363636,0.267942584,13.86363636,58.18181818,16.70909091,0.909090909,FALSE,75,64,5.625,2.612244898,0.78125,6,2,493.95,36.46230158,14.62631034,23.04131817,0,4.745,0.035355339,4.656306307,13.0105816,29.35866667,98.1822909,7.125,4.875,0.166666667,0.244615684,0.484375,0.2,0.259512887,0.583333333,5,2.12244898,0.331200661,1,0,New Territories,Kowloon,0,1,0,0,0,0,0,0,13,0.284456533,1,0.002,2,-0.013,4,0.009,1
train_008,75,64,0.785714286,14,5,1,0.636363636,0.619047619,-0.017316017,12.95238095,56.71428571,16.6,0.571428571,FALSE,75,64,5.625,2.612244898,0.78125,6,2,493.95,36.46230158,14.62631034,23.04131817,0,4.745,0.035355339,4.656306307,13.0105816,29.35866667,98.1822909,7.125,4.875,0.166666667,0.244615684,0.484375,0.2,0.259512887,0.583333333,5,2.12244898,0.331200661,1,0,New Territories,Kowloon,0,1,0,0,0,0,0,0,11,0.28434532,1,0.002,2,-0.013,4,0.009,1
train_008,75,64,0.5,22,6,1,0.619047619,0.785714286,0.166666667,13.92857143,57.42857143,16.6,0.071428571,FALSE,75,64,5.625,2.612244898,0.78125,6,2,493.95,36.46230158,14.62631034,23.04131817,0,4.745,0.035355339,4.656306307,13.0105816,29.35866667,98.1822909,7.125,4.875,0.166666667,0.244615684,0.484375,0.2,0.259512887,0.583333333,5,2.12244898,0.331200661,1,0,New Territories,Kowloon,0,1,0,0,0,0,0,0,11,0.287069984,0,0.002,2,-0.013,4,0.009,1
train_008,75,64,0.842105263,19,7,1,0.785714286,0.5,-0.285714286,13.81818182,59.63636364,17.03636364,2.590909091,FALSE,75,64,5.625,2.612244898,0.78125,6,2,493.95,36.46230158,14.62631034,23.04131817,0,4.745,0.035355339,4.656306307,13.0105816,29.35866667,98.1822909,7.125,4.875,0.166666667,0.244615684,0.484375,0.2,0.259512887,0.583333333,5,2.12244898,0.331200661,1,0,New Territories,Kowloon,0,1,0,0,0,0,0,0,16,0.300241221,1,0.002,2,-0.013,4,0.009,1
train_008,75,64,0.789473684,19,8,1,0.5,0.842105263,0.342105263,11.89473684,54.21052632,16.85263158,0.368421053,FALSE,75,64,5.625,2.612244898,0.78125,6,2,493.95,36.46230158,14.62631034,23.04131817,0,4.745,0.035355339,4.656306307,13.0105816,29.35866667,98.1822909,7.125,4.875,0.166666667,0.244615684,0.484375,0.2,0.259512887,0.583333333,5,2.12244898,0.331200661,1,0,New Territories,Kowloon,0,1,0,0,0,0,0,0,15,0.302040622,1,0.002,2,-0.013,4,0.009,1
train_008,75,64,0.7,20,9,1,0.842105263,0.789473684,-0.052631579,13.47368421,57.73684211,16.85263158,2.473684211,FALSE,75,64,5.625,2.612244898,0.78125,6,2,493.95,36.46230158,14.62631034,23.04131817,0,4.745,0.035355339,4.656306307,13.0105816,29.35866667,98.1822909,7.125,4.875,0.166666667,0.244615684,0.484375,0.2,0.259512887,0.583333333,5,2.12244898,0.331200661,1,0,New Territories,Kowloon,0,1,0,0,0,0,0,0,14,0.303603223,1,0.002,2,-0.013,4,0.009,1
train_008,75,64,0.863636364,22,10,1,0.789473684,0.7,-0.089473684,16.5,62.25,17.33,6.8,FALSE,75,64,5.625,2.612244898,0.78125,6,2,493.95,36.46230158,14.62631034,23.04131817,0,4.745,0.035355339,4.656306307,13.0105816,29.35866667,98.1822909,7.125,4.875,0.166666667,0.244615684,0.484375,0.2,0.259512887,0.583333333,5,2.12244898,0.331200661,1,0,New Territories,Kowloon,0,1,0,0,0,0,0,0,19,0.300105445,1,0.002,2,-0.013,4,0.009,1
train_008,75,64,0.9,20,11,1,0.7,0.863636364,0.163636364,12.04545455,56.22727273,17.52727273,1.909090909,FALSE,75,64,5.625,2.612244898,0.78125,6,2,493.95,36.46230158,14.62631034,23.04131817,0,4.745,0.035355339,4.656306307,13.0105816,29.35866667,98.1822909,7.125,4.875,0.166666667,0.244615684,0.484375,0.2,0.259512887,0.583333333,5,2.12244898,0.331200661,1,0,New Territories,Kowloon,0,1,0,0,0,0,0,0,18,0.297334428,1,0.002,2,-0.013,4,0.009,1
train_008,75,64,1,19,12,1,0.863636364,0.9,0.036363636,12.25,55.85,17.425,1.9,FALSE,75,64,5.625,2.612244898,0.78125,6,2,493.95,36.46230158,14.62631034,23.04131817,0,4.745,0.035355339,4.656306307,13.0105816,29.35866667,98.1822909,7.125,4.875,0.166666667,0.244615684,0.484375,0.2,0.259512887,0.583333333,5,2.12244898,0.331200661,1,0,New Territories,Kowloon,0,1,0,0,0,0,0,0,19,0.304746363,1,0.002,2,-0.013,4,0.009,1
train_008,75,64,0.7,20,13,1,0.9,1,0.1,10.42105263,55.68421053,17.3,0,TRUE,75,64,5.625,2.612244898,0.78125,6,2,493.95,36.46230158,14.62631034,23.04131817,0,4.745,0.035355339,4.656306307,13.0105816,29.35866667,98.1822909,7.125,4.875,0.166666667,0.244615684,0.484375,0.2,0.259512887,0.583333333,5,2.12244898,0.331200661,1,0,New Territories,Kowloon,0,1,0,0,0,0,0,0,14,0.303871921,1,0.002,2,-0.013,4,0.009,1
train_009,65,8,0,18,-1,0,0,0,0,96.35294118,101.7058824,3.947058824,41.70588235,FALSE,65,8,5.25,3.042553191,0.769230769,16,2,541.6833333,7.733333333,17.21137,10.90990772,0,0.929285714,0.321158617,42.08365385,18.77375923,4.98952381,1.906263693,5.75,4,0.0625,0.1378579,0.43006993,0.047619048,0.10689151,0.37755102,21,2.382978723,0.898142806,1,0,Kowloon,Kowloon,1,1,0,0,0,0,0,0,0,0.282184313,0,0.002,2,0.015,1,0.009,3
train_009,61,9,0,17,0,1,0,0,0,96.44444444,101.1666667,3.5,41.16666667,FALSE,65,8,5.25,3.042553191,0.769230769,16,2,541.6833333,7.733333333,17.21137,10.90990772,0,0.929285714,0.321158617,42.08365385,18.77375923,4.98952381,1.906263693,5.75,4,0.0625,0.1378579,0.43006993,0.047619048,0.10689151,0.37755102,21,2.382978723,0.898142806,1,0,Kowloon,Kowloon,1,1,0,0,0,0,0,0,0,0.301498247,0,0.002,2,0.015,1,0.009,3
train_009,65,8,0,14,1,1,0,0,0,95.41176471,100.5882353,3.894117647,40.58823529,FALSE,65,8,5.25,3.042553191,0.769230769,16,2,541.6833333,7.733333333,17.21137,10.90990772,0,0.929285714,0.321158617,42.08365385,18.77375923,4.98952381,1.906263693,5.75,4,0.0625,0.1378579,0.43006993,0.047619048,0.10689151,0.37755102,21,2.382978723,0.898142806,1,0,Kowloon,Kowloon,1,1,0,0,0,0,0,0,0,0.305886113,0,0.002,2,0.015,1,0.009,3
train_009,65,8,0,18,2,1,0,0,0,102,106.8571429,3.5,46.85714286,FALSE,65,8,5.25,3.042553191,0.769230769,16,2,541.6833333,7.733333333,17.21137,10.90990772,0,0.929285714,0.321158617,42.08365385,18.77375923,4.98952381,1.906263693,5.75,4,0.0625,0.1378579,0.43006993,0.047619048,0.10689151,0.37755102,21,2.382978723,0.898142806,1,0,Kowloon,Kowloon,1,1,0,0,0,0,0,0,0,0.29767329,0,0.002,2,0.015,1,0.009,3
train_009,65,8,0,20,3,1,0,0,0,100.6666667,105.4444444,3.5,45.44444444,FALSE,65,8,5.25,3.042553191,0.769230769,16,2,541.6833333,7.733333333,17.21137,10.90990772,0,0.929285714,0.321158617,42.08365385,18.77375923,4.98952381,1.906263693,5.75,4,0.0625,0.1378579,0.43006993,0.047619048,0.10689151,0.37755102,21,2.382978723,0.898142806,1,0,Kowloon,Kowloon,1,1,0,0,0,0,0,0,0,0.289250102,0,0.002,2,0.015,1,0.009,3
train_009,61,9,0,18,4,1,0,0,0,103.55,109,3.5,49,FALSE,65,8,5.25,3.042553191,0.769230769,16,2,541.6833333,7.733333333,17.21137,10.90990772,0,0.929285714,0.321158617,42.08365385,18.77375923,4.98952381,1.906263693,5.75,4,0.0625,0.1378579,0.43006993,0.047619048,0.10689151,0.37755102,21,2.382978723,0.898142806,1,0,Kowloon,Kowloon,1,1,0,0,0,0,0,0,0,0.284456533,0,0.002,2,0.015,1,0.009,3
train_009,60,9,0,14,5,1,0,0,0,104.4444444,111.2222222,3.922222222,51.22222222,FALSE,65,8,5.25,3.042553191,0.769230769,16,2,541.6833333,7.733333333,17.21137,10.90990772,0,0.929285714,0.321158617,42.08365385,18.77375923,4.98952381,1.906263693,5.75,4,0.0625,0.1378579,0.43006993,0.047619048,0.10689151,0.37755102,21,2.382978723,0.898142806,1,0,Kowloon,Kowloon,1,1,0,0,0,0,0,0,0,0.28434532,0,0.002,2,0.015,1,0.009,3
train_009,65,8,0,17,6,1,0,0,0,104.1428571,110.8571429,4.042857143,50.85714286,FALSE,65,8,5.25,3.042553191,0.769230769,16,2,541.6833333,7.733333333,17.21137,10.90990772,0,0.929285714,0.321158617,42.08365385,18.77375923,4.98952381,1.906263693,5.75,4,0.0625,0.1378579,0.43006993,0.047619048,0.10689151,0.37755102,21,2.382978723,0.898142806,1,0,Kowloon,Kowloon,1,1,0,0,0,0,0,0,0,0.287069984,0,0.002,2,0.015,1,0.009,3
train_009,65,8,0,15,7,1,0,0,0,104.2352941,110.0588235,3.5,50.05882353,FALSE,65,8,5.25,3.042553191,0.769230769,16,2,541.6833333,7.733333333,17.21137,10.90990772,0,0.929285714,0.321158617,42.08365385,18.77375923,4.98952381,1.906263693,5.75,4,0.0625,0.1378579,0.43006993,0.047619048,0.10689151,0.37755102,21,2.382978723,0.898142806,1,0,Kowloon,Kowloon,1,1,0,0,0,0,0,0,0,0.300241221,0,0.002,2,0.015,1,0.009,3
train_009,61,9,0,17,8,1,0,0,0,104.5333333,110.6666667,3.5,50.66666667,FALSE,65,8,5.25,3.042553191,0.769230769,16,2,541.6833333,7.733333333,17.21137,10.90990772,0,0.929285714,0.321158617,42.08365385,18.77375923,4.98952381,1.906263693,5.75,4,0.0625,0.1378579,0.43006993,0.047619048,0.10689151,0.37755102,21,2.382978723,0.898142806,1,0,Kowloon,Kowloon,1,1,0,0,0,0,0,0,0,0.302040622,0,0.002,2,0.015,1,0.009,3
train_009,65,8,0,20,9,1,0,0,0,103.8235294,110.5882353,3.947058824,50.58823529,FALSE,65,8,5.25,3.042553191,0.769230769,16,2,541.6833333,7.733333333,17.21137,10.90990772,0,0.929285714,0.321158617,42.08365385,18.77375923,4.98952381,1.906263693,5.75,4,0.0625,0.1378579,0.43006993,0.047619048,0.10689151,0.37755102,21,2.382978723,0.898142806,1,0,Kowloon,Kowloon,1,1,0,0,0,0,0,0,0,0.303603223,0,0.002,2,0.015,1,0.009,3
train_009,65,8,0,19,10,1,0,0,0,104.2,110.25,3.535,50.25,FALSE,65,8,5.25,3.042553191,0.769230769,16,2,541.6833333,7.733333333,17.21137,10.90990772,0,0.929285714,0.321158617,42.08365385,18.77375923,4.98952381,1.906263693,5.75,4,0.0625,0.1378579,0.43006993,0.047619048,0.10689151,0.37755102,21,2.382978723,0.898142806,1,0,Kowloon,Kowloon,1,1,0,0,0,0,0,0,0,0.300105445,0,0.002,2,0.015,1,0.009,3
train_009,61,9,0,19,11,1,0,0,0,104.9473684,110.7894737,3.6,50.78947368,FALSE,65,8,5.25,3.042553191,0.769230769,16,2,541.6833333,7.733333333,17.21137,10.90990772,0,0.929285714,0.321158617,42.08365385,18.77375923,4.98952381,1.906263693,5.75,4,0.0625,0.1378579,0.43006993,0.047619048,0.10689151,0.37755102,21,2.382978723,0.898142806,1,0,Kowloon,Kowloon,1,1,0,0,0,0,0,0,0,0.297334428,0,0.002,2,0.015,1,0.009,3
train_009,65,8,0,18,12,1,0,0,0,104.7894737,111.9473684,4.021052632,51.94736842,FALSE,65,8,5.25,3.042553191,0.769230769,16,2,541.6833333,7.733333333,17.21137,10.90990772,0,0.929285714,0.321158617,42.08365385,18.77375923,4.98952381,1.906263693,5.75,4,0.0625,0.1378579,0.43006993,0.047619048,0.10689151,0.37755102,21,2.382978723,0.898142806,1,0,Kowloon,Kowloon,1,1,0,0,0,0,0,0,0,0.304746363,0,0.002,2,0.015,1,0.009,3
train_009,58,10,0,19,13,1,0,0,0,103.3333333,110,3.6,50,TRUE,65,8,5.25,3.042553191,0.769230769,16,2,541.6833333,7.733333333,17.21137,10.90990772,0,0.929285714,0.321158617,42.08365385,18.77375923,4.98952381,1.906263693,5.75,4,0.0625,0.1378579,0.43006993,0.047619048,0.10689151,0.37755102,21,2.382978723,0.898142806,1,0,Kowloon,Kowloon,1,1,0,0,0,0,0,0,0,0.303871921,0,0.002,2,0.015,1,0.009,3
train_010,75,64,0.75,20,-1,0,0,0.227272727,0,20.77272727,64.40909091,0,5,FALSE,75,64,6.125,4.056603774,0.781395349,14,3,495.05,37.82406103,10.89185282,26.06897777,0,0,0,5.366450217,7.752506902,43.0120915,2.794162722,7.25,4.875,0.071428571,0.119854911,0.368298368,0.043478261,0.083666654,0.352112676,23,2.886792453,1.18744032,1,0,New Territories,Kowloon,0,1,0,0,0,0,0,0,15,0.282184313,1,0.002,2,-0.013,4,0.009,1
train_010,75,64,0.176470588,17,0,1,0.227272727,0.75,0.522727273,15.55,58.5,0,2.05,FALSE,75,64,6.125,4.056603774,0.781395349,14,3,495.05,37.82406103,10.89185282,26.06897777,0,0,0,5.366450217,7.752506902,43.0120915,2.794162722,7.25,4.875,0.071428571,0.119854911,0.368298368,0.043478261,0.083666654,0.352112676,23,2.886792453,1.18744032,1,0,New Territories,Kowloon,0,1,0,0,0,0,0,0,2,0.301498247,0,0.002,2,-0.013,4,0.009,1
train_010,75,56,0.631578947,19,1,1,0.75,0.176470588,-0.573529412,21.58823529,67.70588235,0,8.764705882,FALSE,75,64,6.125,4.056603774,0.781395349,14,3,495.05,37.82406103,10.89185282,26.06897777,0,0,0,5.366450217,7.752506902,43.0120915,2.794162722,7.25,4.875,0.071428571,0.119854911,0.368298368,0.043478261,0.083666654,0.352112676,23,2.886792453,1.18744032,1,0,New Territories,Kowloon,0,1,0,0,0,0,0,0,12,0.305886113,1,0.002,2,-0.013,4,0.009,1
train_010,75,64,0.2,20,2,1,0.176470588,0.631578947,0.455108359,4.894736842,54.73684211,1.305263158,3.315789474,FALSE,75,64,6.125,4.056603774,0.781395349,14,3,495.05,37.82406103,10.89185282,26.06897777,0,0,0,5.366450217,7.752506902,43.0120915,2.794162722,7.25,4.875,0.071428571,0.119854911,0.368298368,0.043478261,0.083666654,0.352112676,23,2.886792453,1.18744032,1,0,New Territories,Kowloon,0,1,0,0,0,0,0,0,4,0.29767329,0,0.002,2,-0.013,4,0.009,1
train_010,75,64,0.238095238,21,3,1,0.631578947,0.2,-0.431578947,20.7,66.45,0,8.65,FALSE,75,64,6.125,4.056603774,0.781395349,14,3,495.05,37.82406103,10.89185282,26.06897777,0,0,0,5.366450217,7.752506902,43.0120915,2.794162722,7.25,4.875,0.071428571,0.119854911,0.368298368,0.043478261,0.083666654,0.352112676,23,2.886792453,1.18744032,1,0,New Territories,Kowloon,0,1,0,0,0,0,0,0,4,0.289250102,0,0.002,2,-0.013,4,0.009,1
train_010,75,64,0,20,4,1,0.2,0.238095238,0.038095238,17.95238095,62.71428571,0,4.666666667,FALSE,75,64,6.125,4.056603774,0.781395349,14,3,495.05,37.82406103,10.89185282,26.06897777,0,0,0,5.366450217,7.752506902,43.0120915,2.794162722,7.25,4.875,0.071428571,0.119854911,0.368298368,0.043478261,0.083666654,0.352112676,23,2.886792453,1.18744032,1,0,New Territories,Kowloon,0,1,0,0,0,0,0,0,0,0.284456533,0,0.002,2,-0.013,4,0.009,1
train_010,75,64,0.5,18,5,1,0.238095238,0,-0.238095238,23.6,70.3,0,10.3,FALSE,75,64,6.125,4.056603774,0.781395349,14,3,495.05,37.82406103,10.89185282,26.06897777,0,0,0,5.366450217,7.752506902,43.0120915,2.794162722,7.25,4.875,0.071428571,0.119854911,0.368298368,0.043478261,0.083666654,0.352112676,23,2.886792453,1.18744032,1,0,New Territories,Kowloon,0,1,0,0,0,0,0,0,9,0.28434532,0,0.002,2,-0.013,4,0.009,1
train_010,75,64,0,21,6,1,0,0.5,0.5,17.5,61.66666667,0,4.277777778,FALSE,75,64,6.125,4.056603774,0.781395349,14,3,495.05,37.82406103,10.89185282,26.06897777,0,0,0,5.366450217,7.752506902,43.0120915,2.794162722,7.25,4.875,0.071428571,0.119854911,0.368298368,0.043478261,0.083666654,0.352112676,23,2.886792453,1.18744032,1,0,New Territories,Kowloon,0,1,0,0,0,0,0,0,0,0.287069984,0,0.002,2,-0.013,4,0.009,1
train_010,75,64,0.368421053,19,7,1,0.5,0,-0.5,25.42857143,72.14285714,0,12.14285714,FALSE,75,64,6.125,4.056603774,0.781395349,14,3,495.05,37.82406103,10.89185282,26.06897777,0,0,0,5.366450217,7.752506902,43.0120915,2.794162722,7.25,4.875,0.071428571,0.119854911,0.368298368,0.043478261,0.083666654,0.352112676,23,2.886792453,1.18744032,1,0,New Territories,Kowloon,0,1,0,0,0,0,0,0,7,0.300241221,0,0.002,2,-0.013,4,0.009,1
train_010,75,64,0.315789474,19,8,1,0,0.368421053,0.368421053,17.52631579,62.26315789,0.5,7.052631579,FALSE,75,64,6.125,4.056603774,0.781395349,14,3,495.05,37.82406103,10.89185282,26.06897777,0,0,0,5.366450217,7.752506902,43.0120915,2.794162722,7.25,4.875,0.071428571,0.119854911,0.368298368,0.043478261,0.083666654,0.352112676,23,2.886792453,1.18744032,1,0,New Territories,Kowloon,0,1,0,0,0,0,0,0,6,0.302040622,0,0.002,2,-0.013,4,0.009,1
train_010,75,64,0.25,20,9,1,0.368421053,0.315789474,-0.052631579,18.68421053,63.89473684,0,8.052631579,FALSE,75,64,6.125,4.056603774,0.781395349,14,3,495.05,37.82406103,10.89185282,26.06897777,0,0,0,5.366450217,7.752506902,43.0120915,2.794162722,7.25,4.875,0.071428571,0.119854911,0.368298368,0.043478261,0.083666654,0.352112676,23,2.886792453,1.18744032,1,0,New Territories,Kowloon,0,1,0,0,0,0,0,0,5,0.303603223,0,0.002,2,-0.013,4,0.009,1
train_010,75,64,0.785714286,14,10,1,0.315789474,0.25,-0.065789474,17.5,62.75,0,7.15,FALSE,75,64,6.125,4.056603774,0.781395349,14,3,495.05,37.82406103,10.89185282,26.06897777,0,0,0,5.366450217,7.752506902,43.0120915,2.794162722,7.25,4.875,0.071428571,0.119854911,0.368298368,0.043478261,0.083666654,0.352112676,23,2.886792453,1.18744032,1,0,New Territories,Kowloon,0,1,0,0,0,0,0,0,11,0.300105445,1,0.002,2,-0.013,4,0.009,1
train_010,75,64,0.722222222,18,11,1,0.25,0.785714286,0.535714286,8.857142857,52.28571429,0,1.142857143,FALSE,75,64,6.125,4.056603774,0.781395349,14,3,495.05,37.82406103,10.89185282,26.06897777,0,0,0,5.366450217,7.752506902,43.0120915,2.794162722,7.25,4.875,0.071428571,0.119854911,0.368298368,0.043478261,0.083666654,0.352112676,23,2.886792453,1.18744032,1,0,New Territories,Kowloon,0,1,0,0,0,0,0,0,13,0.297334428,1,0.002,2,-0.013,4,0.009,1
train_010,75,64,0.05,20,12,1,0.785714286,0.722222222,-0.063492063,10,52.88888889,0,0.333333333,FALSE,75,64,6.125,4.056603774,0.781395349,14,3,495.05,37.82406103,10.89185282,26.06897777,0,0,0,5.366450217,7.752506902,43.0120915,2.794162722,7.25,4.875,0.071428571,0.119854911,0.368298368,0.043478261,0.083666654,0.352112676,23,2.886792453,1.18744032,1,0,New Territories,Kowloon,0,1,0,0,0,0,0,0,1,0.304746363,0,0.002,2,-0.013,4,0.009,1
train_010,75,64,0.111111111,18,13,1,0.722222222,0.05,-0.672222222,24.4,71.05,0,11.1,TRUE,75,64,6.125,4.056603774,0.781395349,14,3,495.05,37.82406103,10.89185282,26.06897777,0,0,0,5.366450217,7.752506902,43.0120915,2.794162722,7.25,4.875,0.071428571,0.119854911,0.368298368,0.043478261,0.083666654,0.352112676,23,2.886792453,1.18744032,1,0,New Territories,Kowloon,0,1,0,0,0,0,0,0,2,0.303871921,0,0.002,2,-0.013,4,0.009,1
